Index,flight
0,1
1339,2
3148,3
4349,4
5490,5
6935,6
8299,7
9496,8
11054,10
11976,12
12751,14
13459,15
14215,16
15055,17
15983,18
17118,20
18052,23
18900,59
19841,60
20844,68
21988,76
23610,77
24519,78
25776,79
26819,80
28000,81
29194,82
30412,83
31603,84
33120,85
34634,86
35852,87
37523,88
38892,91
40077,92
41251,93
42465,94
43926,95
44992,96
46333,97
47910,98
48781,99
50055,100
51097,101
52195,102
53883,105
55360,106
56659,107
57959,108
59032,109
60723,110
62351,111
63257,112
64599,113
65930,114
67106,115
68100,116
69002,117
70075,118
71779,119
73112,120
74033,121
75253,122
76416,123
77844,124
78840,125
80363,126
82082,127
83168,128
84531,129
85779,130
86817,131
88461,134
89535,135
90844,136
92027,137
93342,138
94681,139
95726,140
97046,141
98620,142
99805,143
100925,144
102083,145
103553,146
104771,147
106400,148
108427,149
109585,150
110800,151
111799,152
113089,153
114346,154
115526,155
116782,156
118229,157
119234,158
120361,159
121429,160
122882,162
124088,163
125448,164
126735,165
128109,166
129390,167
130341,168
131547,169
132769,170
133869,171
134751,172
136227,173
137804,174
138950,175
140254,176
141611,177
142540,178
143465,179
144878,180
146026,181
147198,182
148405,183
149312,184
150980,185
152249,186
153377,187
154297,188
156339,189
157327,190
158639,191
159926,192
160986,193
162439,194
163805,195
165199,196
166974,197
167890,198
168910,199
170460,200
171772,201
173335,202
174762,203
175713,204
176825,205
177904,206
179143,207
180245,208
181565,209
182734,210
184411,211
185292,212
186097,213
186489,214
187399,215
187790,216
188182,217
189117,218
190070,219
190912,221
191721,222
192671,223
193528,224
194706,225
195869,226
197120,227
198563,228
199834,229
200887,230
201985,231
203310,232
204646,233
206092,234
207355,235
208298,236
209334,237
211231,238
212675,239
214349,240
215687,241
216839,242
218604,243
220223,246
221589,247
222834,248
224427,249
225530,250
226631,251
227808,252
229094,253
230115,254
231218,255
232320,256
233470,257
234871,258
236333,260
237965,261
239252,262
240401,263
241991,264
243506,267
244515,268
246026,269
247343,270
248809,271
250028,272
252884,275
253867,276
254851,277
255711,278
256908,279
